{
    "baseline_latency_s": 0.16499999999999998,
    "optimized_latency_s": 0.049999999999999996,
    "reduction_pct": 69.6969696969697,
    "vram_peak_gb": 42.5,
    "architecture": "Blackwell sm_120 (Simulated)",
    "precision": "FP8_e4m3fn"
}