{
    "nvlink_bandwidths": [
        800.0,
        860.5263157894736,
        921.0526315789474,
        981.578947368421,
        1042.1052631578948,
        1102.6315789473683,
        1163.157894736842,
        1223.6842105263158,
        1284.2105263157896,
        1344.7368421052631,
        1405.2631578947369,
        1465.7894736842104,
        1526.3157894736842,
        1586.842105263158,
        1647.3684210526317,
        1707.8947368421054,
        1768.421052631579,
        1828.9473684210527,
        1889.4736842105262,
        1950.0
    ],
    "chunk_results": {
        "4": [
            7.0,
            6.9296636085626915,
            6.868571428571428,
            6.815013404825737,
            6.767676767676767,
            6.725536992840095,
            6.6877828054298645,
            6.6537634408602155,
            6.622950819672131,
            6.594911937377691,
            6.569288389513108,
            6.545780969479353,
            6.524137931034483,
            6.504145936981758,
            6.485623003194888,
            6.4684129429892145,
            6.4523809523809526,
            6.437410071942446,
            6.423398328690808,
            6.410256410256411
        ],
        "8": [
            14.0,
            13.859327217125383,
            13.737142857142857,
            13.630026809651474,
            13.535353535353535,
            13.45107398568019,
            13.375565610859729,
            13.307526881720431,
            13.245901639344263,
            13.189823874755382,
            13.138576779026216,
            13.091561938958707,
            13.048275862068966,
            13.008291873963516,
            12.971246006389777,
            12.936825885978429,
            12.904761904761905,
            12.874820143884891,
            12.846796657381615,
            12.820512820512821
        ],
        "16": [
            28.0,
            27.718654434250766,
            27.474285714285713,
            27.260053619302948,
            27.07070707070707,
            26.90214797136038,
            26.751131221719458,
            26.615053763440862,
            26.491803278688526,
            26.379647749510763,
            26.277153558052433,
            26.183123877917414,
            26.09655172413793,
            26.016583747927033,
            25.942492012779553,
            25.873651771956858,
            25.80952380952381,
            25.749640287769783,
            25.69359331476323,
            25.641025641025642
        ],
        "32": [
            56.0,
            55.43730886850153,
            54.94857142857143,
            54.520107238605895,
            54.14141414141414,
            53.80429594272076,
            53.502262443438916,
            53.230107526881724,
            52.98360655737705,
            52.759295499021526,
            52.554307116104866,
            52.36624775583483,
            52.19310344827586,
            52.033167495854066,
            51.884984025559106,
            51.747303543913716,
            51.61904761904762,
            51.499280575539565,
            51.38718662952646,
            51.282051282051285
        ],
        "64": [
            112.0,
            110.87461773700306,
            109.89714285714285,
            109.04021447721179,
            108.28282828282828,
            107.60859188544153,
            107.00452488687783,
            106.46021505376345,
            105.9672131147541,
            105.51859099804305,
            105.10861423220973,
            104.73249551166965,
            104.38620689655173,
            104.06633499170813,
            103.76996805111821,
            103.49460708782743,
            103.23809523809524,
            102.99856115107913,
            102.77437325905292,
            102.56410256410257
        ]
    },
    "optimal_chunks": [
        4,
        4,
        4,
        4,
        4,
        4,
        4,
        4,
        4,
        4,
        4,
        4,
        4,
        4,
        4,
        4,
        4,
        4,
        4,
        4
    ]
}