{
    "FP8": {
        "accuracy": [
            0.8227432646730569,
            0.7783803622036645,
            0.7163819232158976,
            0.6698602785241174,
            0.6224153558043676
        ],
        "latency": [
            24.72895603829154,
            25.851134660982133,
            28.27990466071106,
            25.841581543783292,
            20.97096783548915
        ]
    },
    "INT8": {
        "accuracy": [
            0.7842128489206004,
            0.7483315758775677,
            0.6941068848740832,
            0.6360912038465791,
            0.592840341459942
        ],
        "latency": [
            15.8840576488673,
            15.722025589844506,
            19.07729657477319,
            21.756152679212413,
            17.16964387821578
        ]
    },
    "INT4": {
        "accuracy": [
            0.6549529417881356,
            0.6177717625941881,
            0.5757009545950637,
            0.5281160173886843,
            0.47802589680723817
        ],
        "latency": [
            11.845113452678937,
            10.922453909419852,
            10.65589017698584,
            13.255170313406474,
            12.452969720862315
        ]
    }
}