{
    "final_baseline_ms": 2628.5598359560618,
    "final_pruned_ms": 362.93982188213545,
    "efficiency_gain_pct": 86.19244588167702
}