{
    "agents": [
        "DeepSeek-R1",
        "Llama-3.3-70B",
        "Qwen-2.5-72B"
    ],
    "iterations": 5,
    "final_consensus": 0.9190131519154052,
    "complexity_growth": {
        "DeepSeek-R1": [
            9.183379845759838,
            25.50109220141729,
            38.277427529675926,
            54.63951563669211,
            66.37891159457402
        ],
        "Llama-3.3-70B": [
            9.859631728163052,
            24.801011999845315,
            43.57053492034192,
            55.22925897429635,
            69.78572495778666
        ],
        "Qwen-2.5-72B": [
            9.427167930664359,
            26.22206409633852,
            38.00733844056693,
            57.63346596509044,
            68.18110132174253
        ]
    }
}