{
    "latency_std_ms": 0.18138408660888672,
    "latency_hcc_ms": 0.15155553817749023,
    "vram_std_mb": 67.108864,
    "vram_hcc_mb": 23.068672,
    "savings_pct": 65.625
}