{
    "sparsity_levels": [
        0.1,
        0.2,
        0.30000000000000004,
        0.4,
        0.5,
        0.6,
        0.7000000000000001,
        0.8,
        0.9
    ],
    "throughput_pflops": [
        1.6666666666666667,
        1.875,
        2.142857142857143,
        2.5,
        3.0,
        3.75,
        5.000000000000001,
        7.500000000000002,
        15.000000000000004
    ],
    "accuracy_score": [
        0.9998,
        0.9984,
        0.9946,
        0.9872,
        0.975,
        0.9568,
        0.9314,
        0.8976,
        0.8542
    ],
    "optimization_scores": [
        1.6663333333333334,
        1.8719999999999999,
        2.1312857142857142,
        2.468,
        2.925,
        3.588,
        4.657000000000001,
        6.732000000000001,
        12.813000000000002
    ],
    "best_sparsity": 0.9,
    "best_throughput": 15.000000000000004,
    "best_accuracy": 0.8542
}