{
    "iterations": 100,
    "r1_mean": 0.7450010913786861,
    "qwen_mean": 0.7160843246940237,
    "llama_mean": 0.714612651932188,
    "consensus_mean": 0.7302483734839879,
    "avg_variance": 0.0024565523245736933
}