{
    "teacher_latency_ms": 36.415648460388184,
    "student_latency_ms": 16.95561408996582,
    "final_loss": 0.00683207530528307,
    "sparsity_level": 0.95,
    "throughput_gain": 2.1477044869721724
}