{
    "fp32": {
        "mean": 148.86531087965298,
        "std": 1.1754381032911554,
        "min": 146.60436070380283,
        "max": 150.50782123090693
    },
    "fp16": {
        "mean": 74.7880578626078,
        "std": 1.0444311424675474,
        "min": 72.70831322281987,
        "max": 76.78256098077696
    },
    "bf16": {
        "mean": 71.42011974342884,
        "std": 1.878465796259704,
        "min": 68.7161641978457,
        "max": 73.924086150634
    },
    "fp8": {
        "mean": 34.69924363972724,
        "std": 1.800164049519227,
        "min": 32.439701774829466,
        "max": 37.142240872115444
    }
}